<project xmlns="http://maven.apache.org/POM/4.0.0" xmlns:xsi="http://www.w3.org/2001/XMLSchema-instance" xsi:schemaLocation="http://maven.apache.org/POM/4.0.0 https://maven.apache.org/xsd/maven-4.0.0.xsd">
  <modelVersion>4.0.0</modelVersion>
  <groupId>TestNGphase2</groupId>
  <artifactId>TestNGphase2</artifactId>
  <version>0.0.1-SNAPSHOT</version>
  
    <dependencies>
  
  <dependency>
    <groupId>org.seleniumhq.selenium</groupId>
    <artifactId>selenium-java</artifactId>
    <version>4.11.0</version>
</dependency>

<!-- https://mvnrepository.com/artifact/io.github.bonigarcia/webdrivermanager -->
<dependency>
    <groupId>io.github.bonigarcia</groupId>
    <artifactId>webdrivermanager</artifactId>
    <version>5.4.1</version>
</dependency>

<!-- https://mvnrepository.com/artifact/org.testng/testng -->
<dependency>
    <groupId>org.testng</groupId>
    <artifactId>testng</artifactId>
    <version>7.7.1</version>
    <scope>test</scope>
</dependency>

  <dependency>
      <groupId>junit</groupId>
      <artifactId>junit</artifactId>
      <version>4.11</version>
      <scope>test</scope>
    </dependency>
  
    
  <!-- https://mvnrepository.com/artifact/io.cucumber/cucumber-java -->
<dependency>
    <groupId>io.cucumber</groupId>
    <artifactId>cucumber-java</artifactId>
    <version>7.10.1</version>
</dependency>

  
  <!-- https://mvnrepository.com/artifact/io.cucumber/cucumber-java -->
<dependency>
    <groupId>io.cucumber</groupId>
    <artifactId>cucumber-junit</artifactId>
    <version>7.10.1</version>
    <scope>test</scope>
</dependency>

  
  <!-- https://mvnrepository.com/artifact/io.cucumber/cucumber-java -->
<dependency>
    <groupId>io.cucumber</groupId>
    <artifactId>cucumber-core</artifactId>
    <version>7.10.1</version>
</dependency>

<!-- https://mvnrepository.com/artifact/com.aventstack/extentreports -->
<dependency>
    <groupId>com.aventstack</groupId>
    <artifactId>extentreports</artifactId>
    <version>5.0.9</version>
</dependency>

</dependencies>
</project>